id,name
nm9330281,Lotte Grondahl
nm1577641,Hannes Gieseler
nm0668359,Joel Christopher Payne
nm2102963,Josef Mattes
nm0300041,Gerhard Garbers
nm3991520,Tristen Yap
nm3644680,Des Brittain
nm9452648,Abdullatif Alsheti
nm0928390,Colette Wilda
nm3228990,Aleksander Mazur
nm3180848,Kate Sanford
nm5200264,Julia Christina Ray
nm1443437,Eric Lamp
nm0379382,Patricia Hermenier
nm0298310,Mike Fuller
nm1038305,Sami Huttunen
nm0497853,Mason Lee
nm1105859,Daniela Rathana
nm0408017,Grant Imahara
nm1524400,Travis Stockman
nm1547163,Brennan Weir
nm5441406,Alex Brooker
nm2083199,Gary Pease
nm1161316,Cris King
nm4358982,Jamie Jurju
nm5735979,Nathanial Jacobs
nm1471923,Fikrat Salem
nm1677486,Robert Markle
nm0341659,Derek Griffiths
nm5550107,Chresten
nm3120419,Richard Condo
nm8586788,Jeet Raidutt
nm1301323,Valery Carranza
nm7330294,Kenta Kojiri
nm1447033,Giselle Samson
nm1048030,Trem da Alegria
nm9199784,McKenna Allen
nm5211665,Jimena Torres Cautivo
nm1234143,Anurag Thakur
nm2832137,Xander Denke
nm2499292,North E. West
nm1230316,Marc Babin
nm0735884,Iván Rodríguez
nm1714424,Red Panda
nm1646605,Anthony J Cruz
nm1773391,Vedana Kinchevska
nm7555178,Before Dark
nm1983394,Christy Little
nm1700610,Marco Alcaraz
nm4868822,Paul Greenberg
nm8627787,Anthony Selemidis
nm7855993,Keyvan
nm1184236,Andrea Gomez
nm7586587,Alana LeBlanc Barnett
nm1082770,Beau Danner
nm8939814,Wesley Weigel
nm0733289,María Luisa Robledo
nm1699430,Adelowo A. Richard
nm1635373,Piotr Muszynski
nm5833432,Tetsuhito Aoki
nm0640573,Peter O'Crotty
nm1068023,Harald Jähner
nm9637898,Rob Ebner
nm4904649,Arturo Versaci
nm1738504,Deepti Gujral
nm7759926,Elijah Lucian
nm2981567,Patrik Plesinger
nm1274011,Berrie
nm9937505,Brooke Sheppard
nm0452834,Akiko Kikuchi
nm2574512,Hristos Fragos
nm1375949,Allyssa Anderson
nm9174470,Harro Siegel
nm1539988,Jake Lawrence Coronado
nm3381431,Sammy Spear and His Orchestra
nm3056623,NeNe Leakes
nm5470854,Keya Hamilton
nm1080163,PriyomNaziba Bashar
nm1690743,April Yvette Thompson
nm1546492,Werner Kramer
nm1616345,Cher Lourens
nm2209279,Mikkel Kryger Rasmussen
nm0766733,Anne Saunders
nm1254239,Yuri Dimitrov
nm8084664,Ömer Acar
nm2865320,Gerald Vincent
nm1709523,Kirsty Wirth
nm0151321,Ben Morris
nm4464857,Elizabeth Henstridge
nm1836488,Alex Ganster
nm2763822,Shaghayegh Mohammadali
nm0885779,Catherine Van Bree
nm1354673,Kale Cox
nm4898556,Todd Aiken
nm5255619,Robert Vogel
nm8625013,Jim Ritter
nm1634105,Mel Alcalde
nm0631462,Joe Nightingale
nm6453159,Alyssa Chase
nm1053428,Nàcara Huélamo
nm3311160,Yûsuke Kobayashi
nm1810883,K. Alexander Michael
nm3576847,Tom Brogan
nm1115651,Yura Yelin
nm1372956,Jon Santos
nm1690282,Janine Miramas
nm0660400,Lars Pape
nm1120193,Adam Boor
nm1364226,Dora Malo
nm0096234,Edwin Bordo
nm0798041,Sergei Silkin
nm3796733,Ellie Frankel Sextet
nm0239894,Graham Duckett
nm1111672,Havana Chapman-Edwards
nm4859632,Steph McGovern
nm0607847,Beryl Mortimer
nm0141140,Isabelle Carré
nm5829250,Timothy Paul McCray
nm9539908,Gianfranco Miconi
nm1265876,Jon Courtney
nm7209979,Desmar Guevara
nm0126594,István Bársony
nm0426980,Dorrie Joiner
nm2713185,Manu Onraita
nm2951900,Peter Flihan
nm1082287,Shaquille Mathurin
nm4790855,Bengey Asse
nm7160617,Caelan Benn
nm3736634,Ana Shaw
nm1124364,Bay Eaton
nm3030804,Manel Esteller
nm1893726,Malka Braun
nm4448700,Peter Mueller
nm0293299,Ben Freeman
nm3716645,Matt Cobb
nm2177405,Clara Ponsot
nm8294938,Rami Boraie
nm2717025,Gabriel Winter
nm1247177,Benjamin Alford Jr.
nm2686199,Dennis Kilcoyne
nm9046337,Alessio Di Domenicantonio
nm7437055,Ibragimov Ali
nm1033082,Andreas Mundt
nm0717086,Poul Reichhardt
nm7426879,Sebastiano Pestoni
nm1352786,Samira Halal
nm8036630,Chris Chandler
nm1151731,Bianca Medeiros Krainson
nm1425326,Gerardo Larrosa
nm1493168,Kristin Kaspersen
nm5278103,Willie Soon
nm8515276,Camila Maia
nm1383162,Isaac Stanley-Becker
nm0938772,Maximilian Wolters
nm2121770,Douglas Nabors
nm0406904,Barry Baz Idoine
nm4144181,Darren Fleming
nm5535554,Ken'ichi Tsukada
nm2971900,Wei-Wei Chang
nm7497701,Lore Lons
nm0882939,Nicolas Vachon
nm3618107,Mosharraf Karim
nm7600010,Sethu Lakshmi
nm9915967,Omid Ebrahimi
nm0179179,Marjorie Corbett
nm0059176,Joe B. Barton
nm1064745,Jacques Servolin
nm7080282,Tara Morgan
nm2141966,Marc Basany
nm0174760,Brian Conley
nm8483590,Alicja Gescinska
nm0509470,Gundula Liebisch
nm1074912,Will Clempner
nm0062709,Clive Baxter
nm0370243,Trish Hawkins
nm4803690,Avril Lennox
nm2164919,Debra Burlingame
nm3907852,Emma Rogers
nm1100751,Mang Udel
nm3446681,Charles Coburn
nm9822268,Deepak Joshi
nm1657108,Aika Kumawat
nm4864942,Elizabeth The Koala
nm3198091,Ben Matheny
nm1363379,Blanca Martínez
nm2176630,Catherine Waller
nm3277955,Kalup Linzy
nm2929559,Ted Stokes
nm2296989,Osiris Larkin
nm0610468,Bill Moyers
nm2237399,Danica Dias
nm6148301,Cari Spinnler
nm7654212,Lucas Lefevre
nm0017644,Sophie Aldred
nm6493917,Rachel Kushner
nm1035020,Toni Albà
nm1053032,Evi Hoste
nm1143976,Cindrella D. Cruz
nm4462778,Eny Autran
nm3403880,Roozbeh Behtaji
nm1371588,Hazuki Nishikawa
nm1229640,Hoon Lee
nm0005286,Haley Joel Osment
nm9483662,António Alvarinho
nm6495624,Kevin Gonzalez
nm1533853,Louai El Amrousy
nm5153052,Magen Hudak
nm5122304,Johannes Vetter
nm3702655,Cyntia Botello
nm4484082,Emanuele Dainotti
nm0065721,Stephen Beckett
nm4065451,Shaneequa Thelissen
nm1368505,Keith Flint
nm1994167,Jordan Carlos
nm9422149,Kevin Ashford
nm7022882,Stewart Bloomfield
nm5948509,Jason Sackel
nm9254291,Kessir Riliniki
nm4372868,Tom Berdine
nm8455937,Adrián Baena
nm2304840,Dominic L. Santana
nm8545863,Tariq Hanna
nm8414597,Grace Tormis
nm4863181,Roberto Velasco
nm5625020,Natasha Rothwell
nm3592766,Anjali
nm4055042,Bohdan Pomahac
nm1222809,Lucy Ricketts
nm1059529,Domingos Coimbra
nm0858828,Frank M. Thomas
nm1815894,Jace Hinson
nm3821762,Marc Murphy
nm1299775,Bente Hansen
nm1082117,Mad Clip
nm1111839,Ian Shen
nm5849849,Heather Seaman
nm7409442,Riley Chandler
nm5056980,Dakota Buchanan
nm1190669,Cicily Stone
nm9948834,Tinoco Alves
nm1764201,Carole Malone
nm1151013,Robert Blake Bryant
nm1186315,Victor Taïeb
nm1176043,Uriya Elkayam
nm1462684,Mary T Lynch
nm3109659,Nancy Cordes
nm0241009,Yvette Duguay
nm1121644,Michael Bedard
nm1092036,Daniela Hubloher
nm0921835,Adolf Wessely
nm0122036,Dennis Burkley
nm4163847,Sibel Meriç
nm1242653,Tzion Azoulay
nm1103255,Walter Günther
nm8718067,Tais Gadea Lara
nm2197299,Seneca Ramirez
nm4151111,Whitney Lavaux
nm0279605,Jules Fisher
nm1843265,Ako Mitchell
nm0591123,Cristiano Minellono
nm1708220,Baron Angeles
nm4684947,Liandra Sadzo
nm3005882,Mel Counts
nm4678159,Greg Giuliano
nm5472911,Mike Rhodes
nm1029059,David Argoeti
nm0556036,Masahiro Matsuoka
nm2971684,David Zory
nm6576659,Nilze Carvalho
nm0203922,Rebekah Davies
nm1466378,Qwerty121
nm5564707,Lizzie Leeds
nm1243644,Oveq
nm2450891,Miho Tsuji
nm6762114,Stine Omar
nm0501461,Filo Lemoine
nm1360696,Matthew Andrew Gonzalez
nm1300508,Sarah von Racknitz
nm4050779,Dominik Reynolds
nm0902702,Hubert von Meyerinck
nm0429274,Star Jones
nm0733577,Víctor Roca
nm0812405,Nodar Sokhadze
nm1492158,Doug Biro
nm5503695,Oldrich Kulhánek
nm0031779,Miguel Anzures
nm1766984,Adi Dassler
nm9543598,Yuexi Wang
nm1376857,Amin Yoma
nm9467028,Francisco Pascual
nm8293499,Victor Pourcel
nm1016348,The Candy Dates
nm4233401,Mary Rose Bonello
nm1473097,Hugo Almeida
nm2424236,Yasuyuki Maekawa
nm1008957,Silver van Sprundel
nm0262763,Fred Evans
nm3144553,Nicolas Grard
nm2572540,Michael Nalder
nm0870780,Christian Tramitz
nm8097288,Gianni Spezzano
nm9142049,Reina Lee
nm4740113,Saara Chaudry
nm1195110,Evelyn Hines
nm1552301,Milan Tocinovski
nm1612417,Geraldine Aherne
nm2639074,Gökçe Gürsoy
nm1262300,Kerstin Schweiger
nm4949546,Todd Bobenrieth
nm1667469,Kylie Morgan
nm0341400,William Griffin
nm1784952,Nicola Vidotto
nm0676940,Robert Petersen
nm2100311,Aymeline Valade
nm1680852,Hugues Saint Louis
nm0001557,Viggo Mortensen
nm6432430,Michael Alvarado
nm6554537,Puneet
nm0294689,Patxi Freytez
nm6622872,Leila Gurruwiwi
nm1222324,Emanuele Maggi
nm1310603,Aaron Jagielski
nm1516513,Jerry Belant
nm2098968,Jean-Louis Froment
nm5286652,Georgina Windsor
nm0077727,Dru Berrymore
nm0263457,Christine Ever
nm0221474,Paul Desmond
nm1286265,John Fox
nm2023033,Karen Yelverton
nm0856720,Josephine Tewson
nm1642617,Roy Weissinger
nm3908931,Andrew MacLarty
nm1111958,Lori Biggs
nm0510275,Rebecka Liljeberg
nm0169809,Tatiana Cohen
nm0261208,Tony Esposito
nm0165310,Charlie Clausen
nm6085926,Jim Green
nm6603464,Paula Phelan
nm0285464,Bjarne Forchhammer
nm1157445,Ting Wei Guo
nm1331291,Bert Doorn
nm1669076,Alexandra Cat
nm2208245,Masako Yashiro
nm1167166,Ross MacFarlane
nm0005192,Kellie Martin
nm0001360,John Holmes
nm0722023,David Reynoso
nm1722996,Thezni Khan
nm0004933,Faith Ford
nm0005324,Maury Povich
nm0001394,Derek Jacobi
nm7690217,Derek Johnson
nm8761191,Gemma Tognini
nm5099766,Troy Parker
nm1353235,Dakota Yandle
nm1616477,Pietro Cattani
nm1337764,Tajahi Cooke
nm1089766,Annuska Fényes
nm6639293,Jessie Pettit
nm2404113,Anna Luca Biani
nm0371381,Cynthia Haymon
nm2064629,Daniel Bell
nm8410537,Felix Heezemans
nm7287744,George Ray
nm1055833,Christopher Pittman Smith
nm0575675,Dayanara Medina
nm6890006,Briana Lacuesta
nm1278677,Anders Breinholt
nm0900867,Carol Vogel
nm1028561,Soneros de Verdad
nm8125221,Jeon Ik-ryeong
nm0327235,Pierre Gondard
nm1000570,Lincoln Chafee
nm1419448,Max Caden
nm0524640,Alvin Lucier
nm6745967,Joanne Davis
nm8731455,James Taylor-Watts
nm7011917,Gustav Stork Jangaard
nm0814130,Ferri Somogyi
nm5007018,Deanna Navarro
nm9028943,Katharina Willinger
nm1059726,Carmen Kassovitz
nm0370905,Bill Hayes
nm1237408,Marco Binder
nm7220702,Katalin Lightner
nm0855278,Vicente Tepedino
nm1939947,Diogo Savala
nm4857744,Eric Houde
nm0010684,Archi Adamos
nm5670593,Susanna Karvinen
nm1012627,Ling Chen
nm6371231,Chris Garcia
nm0181971,Renée Cossette
nm1479734,Valeriy Nikulin
nm0476851,Sergei Kuznetsov
nm6967886,Dahlia White
nm0817573,Norbert Speer
nm1659547,Bill Temple
nm1230334,Danit Livnat
nm1003887,Dexter Gawel
nm1195646,Pavlo Fondera
nm0417938,Vitold Janpavlis
nm4424993,Karan Kundrra
nm3657729,Juan A. Mingrone
nm5563725,Thomas Gamble
nm8984434,Lolita Pop
nm2430121,Ursula Schwarzer
nm0467082,Cezary Kosiński
nm7294634,Ariel Rodríguez
nm7115741,Gervasio Díaz Castelli
nm0582615,Hugo Metsers
nm3564713,Petroc Trelawny
nm1064339,Dan Rue
nm2426057,Edi Zanidache
nm1371900,Nethmi Roshel
nm6662430,Boris Dergachev
nm1613362,Lily Armah
nm2554072,Haley Scarnato
nm4316821,Haraldur Ágústsson
nm7532272,Elena Stecca
nm2591542,Malou von Sivers
nm5993784,Deborah O'Donnel
nm8350110,Anne Mary Ziegler
nm9712004,Daniel Wild
nm2895357,Sheila Scott
nm2322802,Shawna Beesley
nm4321090,Iakovos Panotas
nm9101165,Shivani Tomar
nm3027117,Matti Myllykoski
nm0388578,Isa Hoes
nm1784385,Rocket Bretherton
nm1670944,Elisa Cantonetti
nm1361194,Corey Weist
nm1013757,Alejandro Henriquez
nm1266866,Laurent Dupuis
nm1349147,Size 12
nm1947060,Jeong Ae-yeon
nm3539201,Daniel Fischer
nm1207210,Anita Martínez
nm0350080,Luis Roberto Guzmán
nm5991382,Chiu Hung
nm0503482,Arnfried Lerche
nm7439612,Rio Sirah
nm9720157,Hadar Karako
nm8541237,Shane Madej
nm1102088,Adrián Otero
nm1041648,Bodine Jeske
nm0883781,Jorge Valdés García
nm1070295,Monika Kulczyk
nm0533306,Gisele MacKenzie
nm5552375,Arie Kruglanski
nm1689260,Manfred Sangel
nm1631527,Yves Duteil
nm3388031,Jonathan Maxwell Silver
nm1435036,Andy Harvey
nm2006248,Randy Robinson
nm3674708,David Serra
nm1000761,Per Thomsen
nm3550951,Ella Dale Lewis
nm1554305,Nikhil Angrish
nm0797705,Givi Sikharulidze
nm3802115,Rena Matsui
nm0001783,Sally Struthers
nm7863589,Irmgard Schwaetzer
nm1191822,Tommy Harris
nm3545544,Martin Harrington
nm1227486,Laura-Julie Perreault
nm1919300,Dana Galinsky
nm1045496,Julia Rajsp
nm8542276,Lisa Kennedy
nm1116177,Michiko Kichise
nm2075058,Douglas Hansell
nm4496001,Nathan Felix
nm3721224,Ion Ionut Ciocia
nm6769189,Benjamin Carlton
nm3395372,Viljo Kajava
nm1481134,Barbara Gagrinsky
nm0300494,Nacho Gadano
nm3725018,Andris Bulis
nm3232011,Rachel Jayson
nm9562083,Maria Comstock
nm1812334,Louise Bolton
nm1097527,Markus Koch
nm0363650,Åke Harnesk
nm1572939,Vivian
nm5328132,Abhishek Tiwari
nm2705287,Ben Tibbles
nm7179118,José Dos Santos
nm4866394,Sylvie Cohen
nm2064561,Knut Storberget
nm1103846,Olga Lifentseva
nm1045460,Henry Gründler
nm9863271,Andrea Horan
nm2915204,Dave Butz
nm1344112,Jawhar Al Sourchi
nm5764304,Nataly Mega
nm0149702,Maurice Chaillot
nm2060329,Eduardo Coma
